rank,name,elo,fetched
1,Spain,2277,2026-09-29
2,Argentina,2173,2026-09-29
3,England,2107,2026-09-29
4,France,2103,2026-09-29
5,Portugal,2022,2026-09-29
6,Colombia,2000,2026-09-29
7,Brazil,1990,2026-09-29
8,Netherlands,1974,2026-09-29
9,Belgium,1959,2026-09-29
10,Switzerland,1942,2026-09-29
11,Norway,1937,2026-09-29
12,Mexico,1916,2026-09-29
13,Morocco,1903,2026-09-29
14,Japan,1901,2026-09-29
15,Croatia,1895,2026-09-29
16,Germany,1884,2026-09-29
17,Italy,1882,2026-09-29
18,Denmark,1869,2026-09-29
19,Ecuador,1851,2026-09-29
20,Uruguay,1850,2026-09-29
21,Austria,1845,2026-09-29
22,Paraguay,1821,2026-09-29
23,Greece,1801,2026-09-29
24,Senegal,1800,2026-09-29
25,Ukraine,1798,2026-09-29
26,Australia,1797,2026-09-29
27,Turkey,1794,2026-09-29
28,Russia,1772,2026-09-29
29,Nigeria,1769,2026-09-29
30,Sweden,1759,2026-09-29
30,Algeria,1759,2026-09-29
32,United States,1757,2026-09-29
33,Iran,1748,2026-09-29
34,Scotland,1747,2026-09-29
35,Ivory Coast,1739,2026-09-29
36,Canada,1736,2026-09-29
37,Venezuela,1729,2026-09-29
38,Egypt,1728,2026-09-29
39,South Korea,1725,2026-09-29
40,Dem. Rep. of Congo,1718,2026-09-29
41,Ireland,1715,2026-09-29
42,Kosovo,1714,2026-09-29
43,Chile,1710,2026-09-29
44,Serbia,1697,2026-09-29
45,Hungary,1691,2026-09-29
46,Peru,1689,2026-09-29
47,Poland,1681,2026-09-29
48,Slovenia,1680,2026-09-29
49,Slovakia,1670,2026-09-29
50,Wales,1669,2026-09-29
51,Czech Republic,1666,2026-09-29
52,Bosnia and Herzegovina,1655,2026-09-29
53,Panama,1650,2026-09-29
54,Uzbekistan,1647,2026-09-29
55,Albania,1631,2026-09-29
56,Georgia,1630,2026-09-29
56,Northern Ireland,1630,2026-09-29
58,Jordan,1622,2026-09-29
59,Cameroon,1621,2026-09-29
60,Saudi Arabia,1616,2026-09-29
61,Bolivia,1614,2026-09-29
62,Mali,1612,2026-09-29
63,Israel,1607,2026-09-29
64,Cape Verde,1595,2026-09-29
65,Romania,1590,2026-09-29
66,North Macedonia,1575,2026-09-29
67,South Africa,1570,2026-09-29
68,United Arab Emirates,1569,2026-09-29
69,Iraq,1564,2026-09-29
69,Haiti,1564,2026-09-29
71,Ghana,1560,2026-09-29
72,New Zealand,1557,2026-09-29
72,Angola,1557,2026-09-29
74,Iceland,1554,2026-09-29
75,Costa Rica,1542,2026-09-29
76,Jamaica,1540,2026-09-29
77,Finland,1539,2026-09-29
78,Honduras,1538,2026-09-29
79,Tunisia,1533,2026-09-29
80,Burkina Faso,1524,2026-09-29
81,Belarus,1507,2026-09-29
82,Guatemala,1491,2026-09-29
83,Montenegro,1490,2026-09-29
84,Curaçao,1486,2026-09-29
85,Syria,1485,2026-09-29
86,Palestine,1479,2026-09-29
87,Luxembourg,1476,2026-09-29
88,Oman,1468,2026-09-29
89,Suriname,1463,2026-09-29
90,Vietnam,1461,2026-09-29
91,Northern Cyprus,1457,2026-09-29
92,Guinea,1454,2026-09-29
93,Qatar,1449,2026-09-29
94,Bulgaria,1432,2026-09-29
95,Kazakhstan,1431,2026-09-29
96,Kurdistan,1425,2026-09-29
97,Gambia,1421,2026-09-29
98,Benin,1417,2026-09-29
99,Libya,1408,2026-09-29
99,Uganda,1408,2026-09-29
101,Gabon,1400,2026-09-29
102,China,1399,2026-09-29
103,Equatorial Guinea,1392,2026-09-29
103,Niger,1392,2026-09-29
105,Togo,1389,2026-09-29
106,Faroe Islands,1383,2026-09-29
107,Zimbabwe,1381,2026-09-29
108,Madagascar,1378,2026-09-29
109,Estonia,1374,2026-09-29
110,North Korea,1373,2026-09-29
111,Thailand,1372,2026-09-29
112,Zambia,1368,2026-09-29
113,Armenia,1367,2026-09-29
113,Comoros,1367,2026-09-29
115,Sudan,1366,2026-09-29
116,Bahrain,1365,2026-09-29
117,El Salvador,1361,2026-09-29
118,Mozambique,1358,2026-09-29
119,Rwanda,1356,2026-09-29
120,Mauritania,1351,2026-09-29
121,Kenya,1350,2026-09-29
122,Reunion,1346,2026-09-29
123,Trinidad and Tobago,1344,2026-09-29
124,Azerbaijan,1331,2026-09-29
124,Guadeloupe,1331,2026-09-29
126,Dominican Republic,1329,2026-09-29
127,Zanzibar,1326,2026-09-29
127,Indonesia,1326,2026-09-29
129,Namibia,1318,2026-09-29
130,Cyprus,1310,2026-09-29
131,Guyana,1307,2026-09-29
131,Sierra Leone,1307,2026-09-29
133,Kuwait,1306,2026-09-29
134,Nicaragua,1301,2026-09-29
135,Kyrgyzstan,1296,2026-09-29
136,Botswana,1295,2026-09-29
137,Martinique,1293,2026-09-29
138,Guinea-Bissau,1291,2026-09-29
139,Lebanon,1288,2026-09-29
140,Lithuania,1286,2026-09-29
141,Liberia,1285,2026-09-29
142,Burundi,1276,2026-09-29
143,Malta,1273,2026-09-29
143,Malaysia,1273,2026-09-29
145,Ethiopia,1271,2026-09-29
146,Tanzania,1270,2026-09-29
147,Latvia,1269,2026-09-29
148,Moldova,1267,2026-09-29
148,Tajikistan,1267,2026-09-29
150,Cuba,1265,2026-09-29
151,Malawi,1247,2026-09-29
152,Mayotte,1217,2026-09-29
153,Eritrea,1215,2026-09-29
154,Turkmenistan,1209,2026-09-29
155,Central African Republic,1208,2026-09-29
156,New Caledonia,1207,2026-09-29
157,French Guiana,1198,2026-09-29
158,Congo,1192,2026-09-29
159,Yemen,1191,2026-09-29
160,Lesotho,1188,2026-09-29
161,Singapore,1180,2026-09-29
162,Tahiti,1179,2026-09-29
163,Vanuatu,1170,2026-09-29
164,Saint Vincent and the Grenadines,1166,2026-09-29
165,Eswatini,1148,2026-09-29
166,Puerto Rico,1146,2026-09-29
167,India,1136,2026-09-29
168,Papua New Guinea,1112,2026-09-29
169,Solomon Islands,1110,2026-09-29
170,Bermuda,1108,2026-09-29
171,Philippines,1107,2026-09-29
172,Hong Kong,1105,2026-09-29
173,South Sudan,1101,2026-09-29
174,Fiji,1098,2026-09-29
175,Belize,1083,2026-09-29
176,Grenada,1076,2026-09-29
177,Chad,1073,2026-09-29
177,Mauritius,1073,2026-09-29
179,Andorra,1067,2026-09-29
180,São Tomé e Príncipe,1037,2026-09-29
181,Saint Kitts and Nevis,1036,2026-09-29
182,Myanmar,1014,2026-09-29
183,Gibraltar,1006,2026-09-29
184,Somaliland,1002,2026-09-29
185,Saint Martin,1001,2026-09-29
186,Aruba,1000,2026-09-29
187,Montserrat,999,2026-09-29
188,Western Sahara,996,2026-09-29
189,Somalia,976,2026-09-29
190,Sint Maarten,964,2026-09-29
191,Afghanistan,961,2026-09-29
192,Barbados,960,2026-09-29
193,Saint Lucia,957,2026-09-29
194,Greenland,946,2026-09-29
195,Djibouti,940,2026-09-29
196,Bangladesh,924,2026-09-29
197,Pakistan,906,2026-09-29
198,Dominica,903,2026-09-29
198,Monaco,903,2026-09-29
200,Cambodia,900,2026-09-29
201,Nepal,893,2026-09-29
202,Antigua and Barbuda,884,2026-09-29
203,Liechtenstein,883,2026-09-29
204,Sri Lanka,859,2026-09-29
205,Seychelles,830,2026-09-29
206,San Marino,822,2026-09-29
206,Chinese Taipei,822,2026-09-29
208,Cayman Islands,809,2026-09-29
209,Bonaire,807,2026-09-29
210,Maldives,798,2026-09-29
211,Chagos Islands,785,2026-09-29
212,Sint Eustatius,757,2026-09-29
213,Tuvalu,756,2026-09-29
214,Samoa,730,2026-09-29
215,British Virgin Islands,729,2026-09-29
216,Mongolia,726,2026-09-29
217,Laos,725,2026-09-29
217,Saint Barthelemy,725,2026-09-29
219,Guam,705,2026-09-29
220,Timor-Leste,703,2026-09-29
221,Wallis and Futuna,701,2026-09-29
222,Vatican,692,2026-09-29
223,US Virgin Islands,679,2026-09-29
224,Saint Pierre and Miquelon,677,2026-09-29
225,Bahamas,674,2026-09-29
226,Saba,671,2026-09-29
227,Turks and Caicos,644,2026-09-29
228,Anguilla,634,2026-09-29
229,Tibet,630,2026-09-29
230,Bhutan,622,2026-09-29
231,Cook Islands,620,2026-09-29
232,Macau,589,2026-09-29
233,Falkland Islands,571,2026-09-29
234,Micronesia,564,2026-09-29
235,Marshall Islands,559,2026-09-29
236,Brunei,553,2026-09-29
237,Kiribati,545,2026-09-29
238,Tonga,521,2026-09-29
239,Niue,496,2026-09-29
240,Northern Mariana Islands,432,2026-09-29
241,Palau,403,2026-09-29
242,American Samoa,369,2026-09-29
